id,titulo,fuente,tiempo_minutos,porciones,num_ingredientes,ingredientes,vegana,vegetariana,sin_gluten,url,imagen,dificultad,prop_alacena,pocos_ingredientes,es_rapida,score_alacena,num_ingredientes_norm,tiempo_minutos_norm,score_alacena_norm,prop_alacena_norm
sp_640062,Corn Avocado Salsa,Spoonacular,25.0,2,6,"avocado, balsamic vinegar, cumin, corn, garlic, bell pepper",True,True,True,https://www.foodista.com/recipe/BDRS2JZG/corn-avocado-salsa,https://img.spoonacular.com/recipes/640062-312x231.jpg,Facil,0.833,1,1,0.9,0.0,0.07547169811320756,1.0,0.833
sp_715421,Cheesy Chicken Enchilada Quinoa Casserole,Spoonacular,30.0,4,16,"avocado, pepper, black beans, canned tomatoes, chili powder, quinoa, cumin, verde enchilada sauce, cilantro, green onion tops, roma tomato, salt, cheese, chicken breast, corn, pepper",False,False,True,https://www.pinkwhen.com/cheesy-chicken-enchilada-quinoa-casserole/,https://img.spoonacular.com/recipes/715421-312x231.jpg,Media,0.812,0,1,0.637,0.38461538461538464,0.09433962264150944,0.6571056062581486,0.812
sp_715543,Homemade Guacamole,Spoonacular,45.0,4,6,"avocados, cilantro, juice of lime, pepper, onion, roma tomato",True,True,True,https://www.pinkwhen.com/homemade-guacamole-recipe/,https://img.spoonacular.com/recipes/715543-312x231.jpg,Facil,1.0,1,0,0.85,0.0,0.1509433962264151,0.9348109517601042,1.0
sp_982382,Instant Pot Chicken Taco Soup,Spoonacular,25.0,4,12,"boneless/skinless chicken breasts, black beans, corn, chilis, canned tomatoes, chili powder, cilantro, bell pepper, green onion, olive oil, onion, water",False,False,True,https://www.pinkwhen.com/instant-pot-chicken-taco-soup/,https://img.spoonacular.com/recipes/982382-312x231.jpg,Facil,0.833,0,1,0.65,0.23076923076923078,0.07547169811320756,0.6740547588005216,0.833
sp_637157,Carolina Caviar - Black Bean Salsa,Spoonacular,45.0,4,14,"black beans, avocados, bell pepper, orange bell pepper, bell pepper, green onions, onion, package corn, rotel tomatoes and chiles, cilantro, garlic, juice of lime, hot sauce, salt and pepper",True,True,True,https://www.foodista.com/recipe/YX8KH6ZY/carolina-caviar-black-bean-salsa,https://img.spoonacular.com/recipes/637157-312x231.jpg,Media,0.643,0,0,0.386,0.30769230769230776,0.1509433962264151,0.3298565840938722,0.643
sp_664501,Vegan Taco bowls with Cilantro Lime Cauliflower Rice,Spoonacular,180.0,4,12,"avocado oil, cauliflower, new mexico chili powder, cilantro, garlic powder, hass avocado, jalapeno, lime juice, onion, salt, tomato, walnuts",True,True,True,https://www.foodista.com/recipe/DKDKL4GJ/vegan-taco-bowls-with-cilantro-lime-cauliflower-rice,https://img.spoonacular.com/recipes/664501-312x231.jpg,Media,0.583,0,0,0.35,0.23076923076923078,0.660377358490566,0.2829204693611473,0.583
sp_645856,"Grilled Salmon With Cherry, Pineapple, Mango Salsa",Spoonacular,15.0,2,14,"anaheim peppers, cherries, basil, mint, garlic, juice of lime, lime zest, mango, olive oil, peach, pineapple, salmon fillet, salt and pepper, shallot",False,False,True,https://www.foodista.com/recipe/LX5DDBQX/grilled-salmon-with-cherry-pineapple-mango-salsa,https://img.spoonacular.com/recipes/645856-312x231.jpg,Media,0.357,0,1,0.364,0.30769230769230776,0.03773584905660378,0.3011734028683181,0.357
sp_716290,Mango Salsa,Spoonacular,45.0,1,8,"cherry tomatoes, bell pepper, lime juice, mangoes, mint leaves, bell pepper, onions, sugar",True,True,True,https://www.afrolems.com/2014/03/21/mango-salsa/,https://img.spoonacular.com/recipes/716290-312x231.jpg,Media,0.5,0,0,0.3,0.07692307692307693,0.1509433962264151,0.2177314211212516,0.5
sp_982368,Chicken Fajita Stuffed Bell Pepper,Spoonacular,45.0,3,11,"avocado, bell peppers, chicken breasts, chili powder, cilantro, cumin, lettuce, quinoa, salsa, salt and pepper, shredded cheese",False,False,True,https://www.pinkwhen.com/chicken-fajita-stuffed-bell-pepper/,https://img.spoonacular.com/recipes/982368-312x231.jpg,Media,0.727,0,0,0.436,0.19230769230769235,0.1509433962264151,0.3950456323337679,0.727
sp_638588,Chilled Avocado and Cucumber Soup With Prawn and Scallop Salsa,Spoonacular,45.0,4,19,"shallot, chili pepper flakes, lime zest, grape seed, water, avocados, cucumber, green onions, unpasteurized shiro miso, lime, water, prawns, scallops, olives, satsuma orange, coriander leaves, unrefined sea salt, cracked pepper, rice bran oil",False,False,True,https://www.foodista.com/recipe/2C7R4V2W/chilled-avocado-and-cucumber-soup-with-prawn-and-scallop-salsa,https://img.spoonacular.com/recipes/638588-312x231.jpg,Media,0.263,0,0,0.158,0.5,0.1509433962264151,0.03259452411994784,0.263
sp_643061,Flank Steak with Herbed Salsa,Spoonacular,45.0,4,10,"cilantro, extra virgin olive oil, flank steak, garlic clove, jalapeno, juice of lemon, juice of lime, salt and pepper, scallions, tomatoes",False,False,True,https://www.foodista.com/recipe/GJV558KY/flank-steak-with-herbed-salsa,https://img.spoonacular.com/recipes/643061-312x231.jpg,Media,0.5,0,0,0.3,0.15384615384615385,0.1509433962264151,0.2177314211212516,0.5
sp_635058,Black Bean and Peppers Taco Filling,Spoonacular,45.0,8,10,"bell pepper, black beans, canned tomatoes, chili powder, garlic powder, ground cumin, olive oil, onion, oregano, paprika",True,True,True,https://www.foodista.com/recipe/L7GY4PX3/black-bean-and-peppers-taco-filling,https://img.spoonacular.com/recipes/635058-312x231.jpg,Media,1.0,0,0,0.6,0.15384615384615385,0.1509433962264151,0.6088657105606258,1.0
sp_1697763,Knock-Your-Socks-Off Guacamole,Spoonacular,15.0,2,7,"avocados, onion, cilantro, habanero pepper, olive oil, juice of lime, salt & pepper",True,True,True,https://maplewoodroad.com/knock-your-socks-off-guacamole/,https://img.spoonacular.com/recipes/1697763-312x231.jpg,Facil,0.714,1,1,0.828,0.03846153846153849,0.03773584905660378,0.9061277705345501,0.714
sp_1096017,Mexican Chicken & Rice Bowl,Spoonacular,30.0,4,11,"chicken breasts, parsley, brown rice, black beans, corn, tomato, avocado, limes, salsa, olive oil, salt & pepper",False,False,True,https://www.foodista.com/recipe/K6M5RCKM/mexican-chicken-rice-bowl,https://img.spoonacular.com/recipes/1096017-312x231.jpg,Facil,0.727,0,1,0.586,0.19230769230769235,0.09433962264150944,0.5906127770534549,0.727
sp_659674,Seared Pork Chops with Mango Salsa,Spoonacular,45.0,4,16,"bell pepper de-seeded, pepper, cayenne powder, cilantro, cumin, garlic powder, lime, mango, mustard powder, onion, onion powder, pork chops, salt, scallions scallions, tomato, vegetable oil",False,False,True,https://www.foodista.com/recipe/D7NJGN5C/seared-pork-chops-w-mango-salsa,https://img.spoonacular.com/recipes/659674-312x231.jpg,Media,0.625,0,0,0.375,0.38461538461538464,0.1509433962264151,0.31551499348109513,0.625
sp_645711,Grilled Fish Tacos with Spicy Tequila-Lime Guacamole,Spoonacular,45.0,4,14,"avocado, flaky fish, taco flour tortillas, cilantro, jalapeno, lettuce, lime juice, lime zest, nonfat greek yogurt, olive oil, onion, salt and pepper, clear tequila, tomatoes",False,False,False,https://www.foodista.com/recipe/R25T76VX/grilled-fish-tacos-w-spicy-tequila-lime-guacamole,https://img.spoonacular.com/recipes/645711-312x231.jpg,Media,0.571,0,0,0.343,0.30769230769230776,0.1509433962264151,0.2737940026075619,0.571
sp_645863,Grilled Salmon With Mango Salsa,Spoonacular,45.0,4,7,"cilantro, finely-diced mango, juice of lime, finely-chopped onion, finely-chopped pineapple, skin-on salmon fillet, salt",False,False,True,https://www.foodista.com/recipe/PZXDHYHM/grilled-salmon-with-mango-salsa,https://img.spoonacular.com/recipes/645863-312x231.jpg,Facil,0.429,1,0,0.507,0.03846153846153849,0.1509433962264151,0.4876140808344198,0.429
sp_635291,Blast Of Color Mexican Stuffed Bell Peppers,Spoonacular,45.0,4,12,"bell pepper, black beans, rotisserie chicken breast, chile, chili seasoning, brown rice, corn kernels, garlic, cheddar cheese, onion, roma tomato, cream",False,False,True,https://www.foodista.com/recipe/QDSTJYSM/blast-of-color-mexican-stuffed-bell-peppers,https://img.spoonacular.com/recipes/635291-312x231.jpg,Media,0.583,0,0,0.35,0.23076923076923078,0.1509433962264151,0.2829204693611473,0.583
sp_651977,Mini Stuffed Mexican Bell Peppers,Spoonacular,45.0,4,13,"bell peppers, black beans, chili powder, chipotles in adobo, canned tomatoes, garlic, chilies, tsp ground coriander, ground cumin, ground turkey, paprika, tomatillos, onion",False,False,True,https://www.foodista.com/recipe/38MTWCZ5/mini-stuffed-mexican-bell-peppers,https://img.spoonacular.com/recipes/651977-312x231.jpg,Media,0.769,0,0,0.461,0.2692307692307692,0.1509433962264151,0.4276401564537158,0.769
sp_644044,Protein Strawberry Smoothie,Spoonacular,5.0,1,6,"almond milk, banana, greek yogurt, honey, ice, strawberries",False,False,True,https://www.foodista.com/recipe/FMT8M6DR/fruity-milk-spin,https://img.spoonacular.com/recipes/644044-312x231.jpg,Facil,0.0,1,1,0.4,0.0,0.0,0.34810951760104303,0.0
sp_1096057,Cheesy Beef Burrito,Spoonacular,270.0,4,19,"peanut oil, stew meat, onion, garlic, enchilada sauce, tomato juice, chiles, salsa verde, salt, chili powder, flour tortillas, sharp cheddar cheese, onion, rice, refried black beans, tomato, romaine lettuce, green onions, cream",False,False,False,https://www.foodista.com/recipe/DQCQ2VD6/cheesy-beef-burrito,https://img.spoonacular.com/recipes/1096057-312x231.jpg,Dificil,0.526,0,0,0.316,0.5,1.0,0.23859191655801826,0.526
sp_1646941,Mexican Quinoa Bowl,Spoonacular,45.0,6,15,"quinoa, olive oil, garlic clove, onion, reduced sodium chicken broth, ground cumin, kosher salt, ground pepper, tomato sauce, reduced sodium black beans, avocado, tomatoes, jalapeño, cilantro, juice of lime",False,True,True,https://pickfreshfoods.com/mexican-quinoa-bowl/,https://img.spoonacular.com/recipes/1646941-312x231.jpg,Media,0.667,0,0,0.4,0.3461538461538462,0.1509433962264151,0.34810951760104303,0.667
sp_659174,Salsa Verde By Mommie Cooks,Spoonacular,45.0,6,11,"tomatillos, vegetable broth, cumin, coriander, juice of lime, garlic cloves, chiles, onion, cilantro, pepper, salt",True,True,True,https://www.foodista.com/recipe/T8J3626V/salsa-verde-by-mommie-cooks,https://img.spoonacular.com/recipes/659174-312x231.jpg,Media,0.818,0,0,0.491,0.19230769230769235,0.1509433962264151,0.4667535853976532,0.818
sp_635077,Black Bean Soup With Pico De Gallo and Chipotle Creme,Spoonacular,45.0,6,24,"pico de gallo, onion, tomatoes, cilantro, jalapeno, lime juice, salt, black bean soup, black beans, water, onion, carrots, pork, ham hocks, garlic cloves, pepper, cumin, oregano, salt, chicken stock, chipotle crème, low far cream, greek yogurt, chipotles",False,False,False,https://www.foodista.com/recipe/24DCW3B8/black-bean-soup-with-pico-de-gallo-and-chipotle-creme,https://img.spoonacular.com/recipes/635077-312x231.jpg,Media,0.5,0,0,0.3,0.6923076923076923,0.1509433962264151,0.2177314211212516,0.5
sp_661188,Spicy Seasoned Loaded Guacamole,Spoonacular,45.0,4,11,"avocados, lime juice, white wine vinegar, onion, serrano pepper, cilantro, roma tomato, salt, pepper, cumin, garlic powder",True,True,True,https://www.foodista.com/recipe/Z7GWGX8D/spicy-seasoned-loaded-guacamole,https://img.spoonacular.com/recipes/661188-312x231.jpg,Media,0.818,0,0,0.491,0.19230769230769235,0.1509433962264151,0.4667535853976532,0.818
sp_664025,Turkey Enchilada Bake,Spoonacular,45.0,8,20,"avocados, black beans, chili powder, chipotles in adobo, cilantro, corn tortillas, canned tomatoes, garlic, chilies, tsp ground coriander, ground cumin, juice of lime, ground turkey, a onion, paprika, salsa, a mexican blend, cream, tomatillos, onion",False,False,True,https://www.foodista.com/recipe/KX5B3NYB/turkey-enchilada-bake,https://img.spoonacular.com/recipes/664025-312x231.jpg,Media,0.8,0,0,0.48,0.5384615384615385,0.1509433962264151,0.45241199478487615,0.8
sp_511707,Turkey Kale Tacos,Spoonacular,45.0,4,11,"cayenne pepper, cumin, garlic cloves, ground turkey, baby kale, kosher salt, olive oil, onion, paprika, bell pepper, water",False,False,True,https://pickfreshfoods.com/turkey-kale-tacos/,https://img.spoonacular.com/recipes/511707-312x231.jpg,Media,0.909,0,0,0.545,0.19230769230769235,0.1509433962264151,0.5371577574967406,0.909
sp_646427,Healthy & Spicy Fish Taco Salad,Spoonacular,45.0,4,16,"ancho chili powder, avocado, cherry tomatoes, of cilantro leaves, fish, corn, jalapeno pepper, juice of lime, onion, pepper flakes, romaine lettuce, salsa, salt and pepper, tortilla, vegetable oil, vegetable oil",False,False,True,https://www.foodista.com/recipe/THTRKXHJ/healthy-spicy-fish-taco-salad,https://img.spoonacular.com/recipes/646427-312x231.jpg,Media,0.562,0,0,0.337,0.38461538461538464,0.1509433962264151,0.26597131681877445,0.562
sp_650798,Mango Kiwi Salsa,Spoonacular,20.0,4,10,"cilantro, garlic, jalapeno, juice of lime, kiwi, mango, bell pepper, onion, salt, tomato",True,True,True,https://www.foodista.com/recipe/63ZQP28L/mango-kiwi-salsa,https://img.spoonacular.com/recipes/650798-312x231.jpg,Facil,0.9,0,1,0.69,0.15384615384615385,0.05660377358490566,0.726205997392438,0.9
sp_1095842,Loaded Paleo Nachos With Fresh Salsa & Guacamole,Spoonacular,60.0,4,19,"sweet potatoes, chilli flakes, coconut oil, onion, garlic cloves, long chillies, paprika, cumin seeds, ground beef, tomato paste, passata, tomatoes, onion, cilantro, chives, avocados, garlic clove, lime, salt and pepper",False,False,True,https://www.foodista.com/recipe/WZ2QYJTK/loaded-paleo-nachos-with-fresh-salsa-guacamole,https://img.spoonacular.com/recipes/1095842-312x231.jpg,Media,0.474,0,0,0.284,0.5,0.20754716981132076,0.19687092568448494,0.474
sp_645988,Guacamole,Spoonacular,45.0,4,9,"haas avocados, onion, jalapeno pepper, cilantro, salt, pepper, lime juice, basil, oregano",True,True,True,https://www.foodista.com/recipe/X55JHXYZ/guacamole,https://img.spoonacular.com/recipes/645988-312x231.jpg,Media,0.778,0,0,0.467,0.11538461538461536,0.1509433962264151,0.4354628422425033,0.778
sp_660943,Spiced Chicken With Black Bean and Mango Salsa,Spoonacular,45.0,4,22,"chicken thighs, ground cumin, pepper, kosher salt, ground oregano, thyme, chili powder, cayenne pepper, paprika, olive oil, salsa, black beans, cloes garlic, ginger, vine tomatoes, persian cucumber, mango, onion, serrano pepper, lime zest, olive oil, kosher salt",False,False,True,https://www.foodista.com/recipe/4KGJT75T/spiced-chicken-with-black-bean-and-mango-salsa,https://img.spoonacular.com/recipes/660943-312x231.jpg,Media,0.5,0,0,0.3,0.6153846153846154,0.1509433962264151,0.2177314211212516,0.5
sp_639413,Cilantro Lime Fish Tacos,Spoonacular,45.0,4,10,"flavor concentrated seafood broth, corn tortillas, cilantro leaves, lettuce, lime juice, olive oil, onions, chunky salsa, cream, tilapia fillets",False,False,False,https://www.foodista.com/recipe/Z7RHNQ7Z/cilantro-lime-fish-tacos,https://img.spoonacular.com/recipes/639413-312x231.jpg,Media,0.5,0,0,0.3,0.15384615384615385,0.1509433962264151,0.2177314211212516,0.5
sp_657579,Quick Chicken Enchilada Soup,Spoonacular,45.0,4,9,"corn, black beans, canned tomatoes, swanson premium chicken, enchilada sauce, campbell's cream of mushroom soup, milk, tortilla chips, cheese",False,False,True,https://www.foodista.com/recipe/WSQ5JZ7W/quick-chicken-enchilada-soup,https://img.spoonacular.com/recipes/657579-312x231.jpg,Media,0.778,0,0,0.467,0.11538461538461536,0.1509433962264151,0.4354628422425033,0.778
sp_1096021,Chicken Taquitos with an Avocado Salsa,Spoonacular,35.0,4,12,"corn tortillas, chicken breast, cooking oil, mexican cream, queso fresco to garnish, avocados, tomatillos, cilantro, onion, garlic, juice of lime, salt",False,False,True,https://www.foodista.com/recipe/JR5KCBZ4/chicken-taquitos-with-an-avocado-salsa,https://img.spoonacular.com/recipes/1096021-312x231.jpg,Media,0.75,0,1,0.6,0.23076923076923078,0.11320754716981132,0.6088657105606258,0.75
sp_715394,Chicken Enchilada Casserole,Spoonacular,45.0,8,7,"verde enchilada sauce, cheese, chicken pre, canned tomatoes, refried beans, flour tortillas torn into bite sized pieces, green onion tops optional",False,False,False,https://www.pinkwhen.com/chicken-enchilada-casserole-recipe/,https://img.spoonacular.com/recipes/715394-312x231.jpg,Facil,0.429,1,0,0.507,0.03846153846153849,0.1509433962264151,0.4876140808344198,0.429
sp_662850,Tangy & Savory Mexican Soup,Spoonacular,45.0,8,17,"avocado, carrots, cilantro, garlic cloves, ground beef, lime juice, oregano, bell peppers, chili flakes, onion, sea salt & pepper, cream, tomato paste, tortilla chips, combination of water, onion, zucchini",False,False,True,https://www.foodista.com/recipe/Y56N3CVY/tangy-savory-mexican-soup,https://img.spoonacular.com/recipes/662850-312x231.jpg,Media,0.529,0,0,0.317,0.4230769230769231,0.1509433962264151,0.23989569752281614,0.529
sp_1096304,Spicy Vegan Quesadillas,Spoonacular,30.0,2,11,"oil, plum tomatoes, bell pepper, bell pepper, onion, garlic clove, kidney beans, jalapeños, fajita seasoning, wraps, vegan cheese",False,False,True,https://www.foodista.com/recipe/HQFPL88Z/spicy-quesadillas,https://img.spoonacular.com/recipes/1096304-312x231.png,Facil,0.182,0,1,0.259,0.19230769230769235,0.09433962264150944,0.16427640156453716,0.182
sp_642372,Elk Sirloin Tacos With Pickled Jalapeños,Spoonacular,45.0,4,14,"elk sirloin cuts, onion, tomato, pickled jalapeño peppers, avocado, corn tortillas, mexican cheese, cabbage, salsa, salt, garlic powder, ground chipotle chile pepper, ground cumin, peppers",False,False,True,https://www.foodista.com/recipe/JRGCDFKS/elk-sirloin-tacos-with-pickled-jalapenos,https://img.spoonacular.com/recipes/642372-312x231.jpg,Media,0.571,0,0,0.343,0.30769230769230776,0.1509433962264151,0.2737940026075619,0.571
sp_642395,Enchilada Stuffed Spaghetti Squash,Spoonacular,60.0,4,9,"avocados, olives, black beans, corn, enchilada sauce, cilantro, reduced fat cheddar cheese, rotisserie chicken, spaghetti squash",False,False,True,https://www.foodista.com/recipe/C7DJP46H/enchilada-stuffed-spaghetti-squash,https://img.spoonacular.com/recipes/642395-312x231.jpg,Media,0.667,0,0,0.4,0.11538461538461536,0.20754716981132076,0.34810951760104303,0.667
sp_648974,Kk's Fish Tacos,Spoonacular,45.0,10,10,"tilapia, flour tortillas, cilantro, limes, iceberg lettuce, tomatoes, onion, bread crumbs, creole seasoning, lard",False,False,False,https://www.foodista.com/recipe/2TTY2HPQ/kks-fish-tacos,https://img.spoonacular.com/recipes/648974-312x231.jpg,Media,0.5,0,0,0.3,0.15384615384615385,0.1509433962264151,0.2177314211212516,0.5
sp_684981,Black Bean and Sweet Potato Enchiladas with Avocado Cream Sauce,Spoonacular,45.0,6,32,"avocado, black olives, chili powder, chili powder, cooked brown rice, flour tortillas, fresh cilantro, garlic, garlic, ground cumin, ground cumin, jalapeno, juice of lime, juice of lime, nutritional yeast, olive oil, olive oil, paprika, red bell pepper, red chili, red onion, sea salt, sea salt, sea salt, shallot, spinach, sweet potato, tomato paste, tomatoes, unbleached flour, vegetable stock, water",True,True,False,https://www.foodandspice.com/2015/10/black-bean-and-sweet-potato-enchiladas.html,https://img.spoonacular.com/recipes/684981-312x231.jpg,Media,0.344,0,0,0.206,1.0,0.1509433962264151,0.0951760104302477,0.344
sp_660234,Skirt Steak Fajitas,Spoonacular,45.0,6,15,"bell peppers, brown sugar, canola oil, chile powder, cilantro, cumin, flour tortillas, garlic, squeezed lime juice, lime wedges, salsa, skirt steak, cream, soy sauce, onion",False,False,False,https://www.foodista.com/recipe/3X3HYGB4/skirt-steak-fajitas,https://img.spoonacular.com/recipes/660234-312x231.jpg,Media,0.467,0,0,0.28,0.3461538461538462,0.1509433962264151,0.19165580182529335,0.467
sp_632755,Artichoke croutons with guacamole,Spoonacular,45.0,4,14,"avocado, cherry tomatoes, parsley, onion, juice of lemon, salt, bell pepper, loaf, garlic, artichokes, butter, balsamic vinegar, extra vergin oil, pine nuts",False,True,False,https://www.foodista.com/recipe/GQW4JRC7/artichoke-croutons-with-guacamole,https://img.spoonacular.com/recipes/632755-312x231.jpg,Media,0.429,0,0,0.257,0.30769230769230776,0.1509433962264151,0.16166883963494133,0.429
sp_656839,Pork Tenderloin With Mango-Kiwi Glaze Served With Tomatillo Salsa,Spoonacular,45.0,4,23,"ancho chili powder, pepper, pepper, cayenne pepper, cayenne pepper, cilantro, ginger, garlic, garlic powder, ground cumin, jalapeno, juice of lime, juice of lime, kiwis, kosher salt, pork tenderloin, mangos, olive oil, onion, onion, salt, salt and pepper, tomatillos",False,False,True,https://www.foodista.com/recipe/W4JWNWFV/pork-tenderloin-with-mango-kiwi-glaze-served-with-tomatillo-salsa,https://img.spoonacular.com/recipes/656839-312x231.jpg,Media,0.609,0,0,0.365,0.653846153846154,0.1509433962264151,0.302477183833116,0.609
sp_660406,Smoky Chicken Tacos,Spoonacular,45.0,8,24,"avocados, cabbage, chili powder, cilantro, corn, corn tortillas, cumin, evoo, garlic powder, garlic powder, jalapeno pepper, juice of lime, juice of lime, extra lime, onion powder, pepper, onion, pepper, roma tomatoes, salsa, salt, salt and pepper, chicken breasts, cream",False,False,True,https://www.foodista.com/recipe/46JLSGNX/smoky-chicken-tacos,https://img.spoonacular.com/recipes/660406-312x231.jpg,Media,0.667,0,0,0.4,0.6923076923076923,0.1509433962264151,0.34810951760104303,0.667
sp_637999,Chicken Burritos,Spoonacular,45.0,4,9,"avocadoes, chicken thigh meat, cilantro, flour tortillas, juice from lemon, onion, pepper, salt, tomatoes",False,False,False,https://www.foodista.com/recipe/YCKK77YK/chicken-burrito-by-bing,https://img.spoonacular.com/recipes/637999-312x231.jpg,Media,0.667,0,0,0.4,0.11538461538461536,0.1509433962264151,0.34810951760104303,0.667
sp_986003,Instant Pot Chicken Tacos,Spoonacular,25.0,6,6,"pepper, chicken breasts, lime juice, purple onion, salsa, taco seasoning",False,False,True,https://www.pinkwhen.com/instant-pot-chicken-tacos/,https://img.spoonacular.com/recipes/986003-312x231.jpg,Facil,0.833,1,1,0.9,0.0,0.07547169811320756,1.0,0.833
sp_652711,"Mushroom, Jalapeño, and Cilantro Salsa",Spoonacular,45.0,4,7,"mushrooms, onion, jalapeños, cilantro, lime juice, olive oil, salt",True,True,True,https://www.foodista.com/recipe/8D7M5XDS/mushroom-jalapeno-and-cilantro-salsa,https://img.spoonacular.com/recipes/652711-312x231.jpg,Facil,0.714,1,0,0.678,0.03846153846153849,0.1509433962264151,0.7105606258148631,0.714
sp_659138,Salmon With Orange Salsa and Pomegranate Glaze,Spoonacular,30.0,6,23,"agave nectar, avocado, bell pepper, ground corn meal, cumin seeds, fennel bulb, cilantro, garlic, pomegrante juice, juice of lime, juice of orange, kosher salt, kosher salt, kosher salt, navel orange, olive oil, persian cucumber, port wine, queso fresco, onion, salmon, serrano pepper, vine tomatoes",False,False,True,https://www.foodista.com/recipe/3PR6LCBC/salmon-with-orange-salsa-and-pomegranate-glaze,https://img.spoonacular.com/recipes/659138-312x231.jpg,Media,0.348,0,1,0.359,0.653846153846154,0.09433962264150944,0.29465449804432853,0.348
sp_650789,Mango Guacamole,Spoonacular,45.0,6,6,"hass avocados, mango, onion, serrano chiles, garlic, juice of lime",True,True,True,https://www.foodista.com/recipe/N2747PV7/mango-guacamole,https://img.spoonacular.com/recipes/650789-312x231.jpg,Facil,0.667,1,0,0.65,0.0,0.1509433962264151,0.6740547588005216,0.667
sp_652100,Mixed Bean Vegetarian Enchilada,Spoonacular,45.0,4,9,"olive oil, onions, carrots, chilli powder, cans tomatoes, cans pulses in water, wholemeal tortillas, natural yogurt, extra-mature cheddar cheese",False,True,True,https://www.foodista.com/recipe/HXP38JFJ/mixed-bean-vegetarian-enchilada,https://img.spoonacular.com/recipes/652100-312x231.jpg,Media,0.222,0,0,0.133,0.11538461538461536,0.1509433962264151,0.0,0.222
sp_661059,Spicy Chicken with Salsa Verde,Spoonacular,45.0,6,16,"avocado, chicken thigh fillets, chili powder, flour tortilla wraps, coriander leaves, garlic, green onions, jalapeño peppers, limes, mint leaves, onion salt, oregano, paprika, chilli, cream, vegetable oil",False,False,False,https://www.foodista.com/recipe/J2MM37RF/spicy-chicken-with-salsa-verde,https://img.spoonacular.com/recipes/661059-312x231.jpg,Media,0.562,0,0,0.337,0.38461538461538464,0.1509433962264151,0.26597131681877445,0.562
sp_660286,Slow Cooker Chicken Verde Enchilada,Spoonacular,45.0,8,21,"avocados, chicken, tsp chili powder, cilantro, tsp cumin, flour tortillas, garlic, tsp garlic powder, tsp garlic powder, tsp ground coriander, jalapenos, juice of lime, nonfat greek yogurt, onion, tsp onion powder, tsp pepper, tsp pepper, cheddar cheese, mexican blend cheese, tomatillos, water",False,False,False,https://www.foodista.com/recipe/6BD8GQMK/slow-cooker-chicken-verde-enchilada,https://img.spoonacular.com/recipes/660286-312x231.jpg,Media,0.429,0,0,0.257,0.5769230769230769,0.1509433962264151,0.16166883963494133,0.429
sp_638409,Chicken Verde Enchilada Casserole,Spoonacular,45.0,6,11,"chicken breasts, lawry's garlic salt and pepper, olive oil, cheddar cheese, mozzarella cheese, la victoria chile verde enchilada sauce, corn tortillas, cream, guacamole, tomatoes, green onions",False,False,True,https://www.foodista.com/recipe/NS3B8M6T/chicken-verde-enchilada-casserole,https://img.spoonacular.com/recipes/638409-312x231.jpg,Media,0.636,0,0,0.382,0.19230769230769235,0.1509433962264151,0.32464146023468055,0.636
sp_656723,Pork Carnitas Tacos,Spoonacular,45.0,8,13,"water, pork butt, garlic, sea salt and ground pepper, olive oil, orange juice, milk, corn tortillas, salsa fresca, avocado, cilantro, onion, limes",False,False,True,https://www.foodista.com/recipe/76ZPMZJN/pork-carnitas-tacos,https://img.spoonacular.com/recipes/656723-312x231.jpg,Media,0.692,0,0,0.415,0.2692307692307692,0.1509433962264151,0.36766623207301163,0.692
sp_664726,Vegetarian Tostadas With Spicy Black Beans (+gluten free),Spoonacular,45.0,4,12,"corn tortillas, black beans, onions, garlic, olive oil, chiles in adobo sauce, spinach, spinkle of basil and garlic sea salt, cherry tomatoes, feta cheese, cream, salsa",False,True,True,https://www.foodista.com/recipe/4BFBKDRM/vegetarian-tostadas-gluten-free,https://img.spoonacular.com/recipes/664726-312x231.jpg,Media,0.667,0,0,0.4,0.23076923076923078,0.1509433962264151,0.34810951760104303,0.667
sp_658703,Roasted Vegetable Tacos,Spoonacular,45.0,5,16,"apple cider vinegar, avocado, black beans, chicken stock, chili powder, cumin, ear corn, goat cheese, green onion, olive oil, paprika, pasilla chile, bell pepper, onion, salt or, sweet potato",False,True,True,https://www.foodista.com/recipe/MTFVGLYJ/roasted-vegetable-tacos,https://img.spoonacular.com/recipes/658703-312x231.jpg,Media,0.562,0,0,0.337,0.38461538461538464,0.1509433962264151,0.26597131681877445,0.562
sp_918026,Skillet Enchilada Dinner,Spoonacular,40.0,4,15,"pepper, canned tomatoes, cherry tomatoes, corn tortillas, cilantro, garlic cloves, chilies, ground cumin, ground turkey, monterey jack cheese, olive oil, onion, romaine lettuce, salt, taco seasoning",False,False,True,https://pickfreshfoods.com/skillet-enchilada-dinner/,https://img.spoonacular.com/recipes/918026-312x231.jpg,Media,0.933,0,0,0.56,0.3461538461538462,0.1320754716981132,0.5567144719687093,0.933
sp_982384,Ultimate Game Day Chicken Nachos,Spoonacular,45.0,4,9,"black beans, cooked chicken, jack cheese, jalapeno, pico de gallo, pineapple, refried beans, sweet corn, tortilla chips",False,False,True,https://www.pinkwhen.com/ultimate-game-day-chicken-nachos/,https://img.spoonacular.com/recipes/982384-312x231.jpg,Media,0.444,0,0,0.266,0.11538461538461536,0.1509433962264151,0.17340286831812257,0.444
sp_643532,Fresh Mango Salsa,Spoonacular,45.0,1,9,"mango, peach, jalapeno pepper, garlic, onion, sugar, cilantro, salt, juice of lime",True,True,True,https://www.foodista.com/recipe/GMVCX5SF/fresh-mango-salsa,https://img.spoonacular.com/recipes/643532-312x231.jpg,Media,0.778,0,0,0.467,0.11538461538461536,0.1509433962264151,0.4354628422425033,0.778
sp_1095988,Chipotle Chicken Enchiladas,Spoonacular,60.0,6,18,"vegetable oil, flour, chili powder, cumin, tomato sauce, juice of lime, chicken breasts, salt and pepper, onion, garlic, chili powder, cumin, chiles, chipotle peppers in adobo sauce, canned tomatoes, corn tortillas, monterey jack cheese, cilantro",False,False,False,https://www.foodista.com/recipe/NRXB8ZHS/chipotle-chicken-enchiladas,https://img.spoonacular.com/recipes/1095988-312x231.jpg,Media,0.722,0,0,0.433,0.4615384615384615,0.20754716981132076,0.3911342894393741,0.722
sp_641815,Easy and Delicious Taco Soup,Spoonacular,45.0,6,15,"ground turkey, onion, pinto beans, kidney beans, regular corn, tomato sauce, tomatoes, chiles, olives, taco seasoning, cayenne pepper, cilantro, cheese, tortilla chips, cream",False,False,True,https://www.foodista.com/recipe/YTTTGRJK/easy-and-delicious-taco-soup,https://img.spoonacular.com/recipes/641815-312x231.jpg,Media,0.733,0,0,0.44,0.3461538461538462,0.1509433962264151,0.40026075619295953,0.733
sp_664030,Turkey Enchiladas,Spoonacular,45.0,4,16,"turkey, olive oil, onion, celery stick, bell pepper, garlic cloves, tomato, tomato purée, turkey stock, ground cumin, ground coriander, chilli seeds, coco powder, salt & pepper, cheese, corn tortillas",False,False,True,https://www.foodista.com/recipe/WS2R6MKL/turkey-enchiladas,https://img.spoonacular.com/recipes/664030-312x231.jpg,Media,0.5,0,0,0.3,0.38461538461538464,0.1509433962264151,0.2177314211212516,0.5
sp_710765,How to Make a Chicken Taco Crock Pot,Spoonacular,250.0,4,6,"chicken breasts, onion, corn, black beans, canned tomatoes, taco seasoning",False,False,True,https://www.pinkwhen.com/chicken-taco-crock-pot-recipe/,https://img.spoonacular.com/recipes/710765-312x231.jpg,Media,1.0,1,0,0.85,0.0,0.9245283018867925,0.9348109517601042,1.0
sp_633072,Authentic Chicken Enchiladas,Spoonacular,45.0,12,12,"chicken breasts, chili powder, corn tortillas, cumin, enchilada sauce, garlic powder, chilis, pickled jalapeno in a jar), olive oil, onion, salt and pepper, mexican cheese blend",False,False,True,https://www.foodista.com/recipe/BXBVZXM8/authentic-chicken-enchiladas,https://img.spoonacular.com/recipes/633072-312x231.jpg,Media,0.75,0,0,0.45,0.23076923076923078,0.1509433962264151,0.4132985658409387,0.75
sp_653040,New Mexican Red Bean Chili,Spoonacular,45.0,6,11,"regular strength beef broth, kidney beans, california chilies, coriander, ground allspice, ground cumin, ground beef, oregano leaves, onion, roasted peppers, tomatoes",False,False,True,https://www.foodista.com/recipe/F8PV56B8/new-mexican-red-bean-chili,https://img.spoonacular.com/recipes/653040-312x231.jpg,Media,0.364,0,0,0.218,0.19230769230769235,0.1509433962264151,0.11082138200782266,0.364
sp_637890,Chicken and Black Bean Burritos,Spoonacular,45.0,6,15,"burrito size tortillas, chicken breast halves, chicken broth, black beans, corn starch, extra virgin olive oil, cilantro, garlic, ground pepper, jalapeno, juice of lime, juice of orange, kosher salt, onion, chilies",False,False,False,https://www.foodista.com/recipe/JWSYJS6M/chicken-and-black-bean-burritos,https://img.spoonacular.com/recipes/637890-312x231.jpg,Media,0.533,0,0,0.32,0.3461538461538462,0.1509433962264151,0.2438070404172099,0.533
sp_663054,Tex-Mex Polenta Rounds with Chunky Guacamole,Spoonacular,45.0,12,8,"avocados, chili powder, co y jack cheese, bell pepper, polenta, salsa, salt, onion",False,True,True,https://www.foodista.com/recipe/NBJCXGR7/tex-mex-polenta-rounds-with-chunky-guacamole,https://img.spoonacular.com/recipes/663054-312x231.jpg,Media,0.75,0,0,0.45,0.07692307692307693,0.1509433962264151,0.4132985658409387,0.75
sp_651585,Mexican Chicken Lettuce Wraps,Spoonacular,45.0,6,13,"chicken breast, lime juice, ground cumin, ground chile powder, seasoned salt, garlic powder, olive oil, black beans, tomato, onion, bell pepper, avocado, boston lettuce leaves",False,False,True,https://www.foodista.com/recipe/H3LGHZSR/mexican-chicken-lettuce-wraps,https://img.spoonacular.com/recipes/651585-312x231.jpg,Media,0.769,0,0,0.461,0.2692307692307692,0.1509433962264151,0.4276401564537158,0.769
sp_664017,Turkey Chorizo and Potato Tacos,Spoonacular,45.0,4,13,"potatoes, salt, ground turkey, grinds pepper, paprika, paprika, garlic, adobo sauce from a chipotle peppers in adobo, ground coriander, oregano, cider vinegar, vegetable oil, corn tortillas",False,False,True,https://www.foodista.com/recipe/8FVC3CSL/turkey-chorizo-and-potato-tacos,https://img.spoonacular.com/recipes/664017-312x231.jpg,Media,0.538,0,0,0.323,0.2692307692307692,0.1509433962264151,0.24771838331160362,0.538
sp_649002,Kogi Kimchi Quesadillas,Spoonacular,45.0,4,10,"tender cut beef, butter, flour tortillas, garlic powder, green onions, kimchi, olive oil, salt & pepper, sesame seeds, sharp cheddar",False,False,False,https://www.foodista.com/recipe/X2JJGL4T/kogi-kimchi-quesadillas,https://img.spoonacular.com/recipes/649002-312x231.jpg,Media,0.4,0,0,0.24,0.15384615384615385,0.1509433962264151,0.1395045632333768,0.4
sp_640851,Crock Pot Beef and Bean Burritos,Spoonacular,45.0,12,12,"london broil, taco seasoning mix, onion, jalapeno peppers, garlic, vinegar, black beans, flour tortillas, monterey jack cheese, tomato, olives, cream",False,False,False,https://www.foodista.com/recipe/MHX443R4/crock-pot-beef-and-bean-burritos,https://img.spoonacular.com/recipes/640851-312x231.jpg,Media,0.667,0,0,0.4,0.23076923076923078,0.1509433962264151,0.34810951760104303,0.667
sp_637374,Ceviche Tostadas,Spoonacular,45.0,6,9,"very fish, tomatoes, cilantro, an onion, juice of lemon, serrano chiles, olive oil, salt, tortilla chips to serve as accompaniment",False,False,True,https://www.foodista.com/recipe/QTKFQYPS/ceviche-tostadas,https://img.spoonacular.com/recipes/637374-312x231.jpg,Media,0.444,0,0,0.266,0.11538461538461536,0.1509433962264151,0.17340286831812257,0.444
sp_635477,Blueberry Ginger Salsa with Grilled Halibut,Spoonacular,45.0,4,8,"blueberries, ginger, mint, honey, lemon, olive oil, salt and pepper, shallots",False,True,True,https://www.foodista.com/recipe/MHYV3YGN/blueberry-ginger-salsa-with-grilled-halibut,https://img.spoonacular.com/recipes/635477-312x231.jpg,Media,0.25,0,0,0.15,0.07692307692307693,0.1509433962264151,0.022164276401564514,0.25
sp_651707,Mexican Stuffed Potatoes,Spoonacular,45.0,4,8,"extra beef, salsa, yukon gold potatoes, cheddar cheese, roma tomato, green onion, avocado, cream",False,False,True,https://www.foodista.com/recipe/JVXXNK3M/mexican-stuffed-potatoes,https://img.spoonacular.com/recipes/651707-312x231.jpg,Media,0.75,0,0,0.45,0.07692307692307693,0.1509433962264151,0.4132985658409387,0.75
sp_1095989,Vegetarian Enchilada Stuffed Peppers,Spoonacular,40.0,6,15,"quinoa, juice of lime, cilantro, poblano peppers, refried beans, olive oil, onion, garlic cloves, liquid from chipotle chilies in adobo sauce, cumin, tomato sauce, kosher salt, pepper, corn, reduced fat colby jack cheese",False,True,True,https://www.foodista.com/recipe/NRVKQWT6/vegetarian-enchilada-stuffed-peppers,https://img.spoonacular.com/recipes/1095989-312x231.jpg,Media,0.733,0,0,0.44,0.3461538461538462,0.1320754716981132,0.40026075619295953,0.733
sp_652919,Nachos Grande,Spoonacular,45.0,4,14,"canned tomatoes, cheddar cheese, chili powder, corn oil, garlic cloves, bell pepper, chili, ground cumin, onion, paprika, paprika to garnish, refried beans, tortilla chips, water",False,True,True,https://www.foodista.com/recipe/XLNSQ4BV/nachos-grande,https://img.spoonacular.com/recipes/652919-312x231.jpg,Media,0.786,0,0,0.472,0.30769230769230776,0.1509433962264151,0.44198174706649274,0.786
sp_638073,Chicken Enchilada Chowder,Spoonacular,45.0,6,15,"black beans, tomatoes, onion, orange bell pepper, enchilada sauce, cream of chicken soup, milk, cream corn, chiles, jalapeño, chicken breast, monterey jack cheese, cheddar cheese, cream, tortilla chips",False,False,True,https://www.foodista.com/recipe/S8XRP2GT/chicken-enchilada-chowder,https://img.spoonacular.com/recipes/638073-312x231.jpg,Media,0.8,0,0,0.48,0.3461538461538462,0.1509433962264151,0.45241199478487615,0.8
sp_638074,Chicken Enchilada Salad Wraps,Spoonacular,45.0,4,12,"cream cheese, cream, chili powder, cumin, garlic, swanson premium chicken, cheddar cheese, canned tomatoes, green onions, cilantro, lettuce, burrito sized tortillas",False,False,False,https://www.foodista.com/recipe/TCLJZTZF/chicken-enchilada-salad-wraps,https://img.spoonacular.com/recipes/638074-312x231.jpg,Media,0.667,0,0,0.4,0.23076923076923078,0.1509433962264151,0.34810951760104303,0.667
sp_634882,Best Breakfast Burrito,Spoonacular,45.0,4,14,"breakfast sausage patties, cilantro, egg substitute, flour tortillas, garlic cloves, green onion, regular jack cheese, olive oil, onion, paprika, potatoes, castilian potatoes, roma tomato, vegetable oil",False,False,False,https://www.foodista.com/recipe/WLQNMQ5B/best-breakfast-burrito,https://img.spoonacular.com/recipes/634882-312x231.jpg,Media,0.643,0,0,0.386,0.30769230769230776,0.1509433962264151,0.3298565840938722,0.643
sp_654621,Paprika and Coriander Rubbed Steaks With Orange-Coriander Salsa,Spoonacular,45.0,2,13,"steaks, paprika powder, coriander powder, pepper, salt, olive oil, navel oranges, garlic, spring onion, coriander, olive oil, chilli flakes, salt and pepper",False,False,True,https://www.foodista.com/recipe/KJQX8DZM/paprika-and-coriander-rubbed-steaks-with-orange-coriander-salsa,https://img.spoonacular.com/recipes/654621-312x231.jpg,Media,0.385,0,0,0.231,0.2692307692307692,0.1509433962264151,0.12777053455019555,0.385
sp_637285,Catfish Tacos With Pimento Cheese Crema and Watermelon Salsa,Spoonacular,45.0,4,31,"avocado, pepper, buttermilk, canola oil, catfish nuggets, celery seed, corn tortillas, cream cheese, crema mexicana, cilantro, garlic, garlic, juice of lime, juice of lime, kosher salt, kosher salt, lemon zest, mayonnaise, mozzarella cheese, paprika, persian cucumber, pimentos, onion, onion, serrano pepper, mexican cheese blend, sriracha, tabasco, tomato, watermelon, cornmeal",False,False,True,https://www.foodista.com/recipe/4YC8GTGG/catfish-tacos-with-pimento-cheese-crema-and-watermelon-salsa,https://img.spoonacular.com/recipes/637285-312x231.jpg,Media,0.323,0,0,0.194,0.9615384615384615,0.1509433962264151,0.07953063885267275,0.323
sp_1505411,Ground Beef Street Tacos,Spoonacular,20.0,6,10,"ground beef, corn tortillas 4"", taco seasoning, onion powder, chili powder, cheese, onion, cherry tomatoes, cilantro, lime juice",False,False,True,https://www.pinkwhen.com/ground-beef-street-tacos/,https://img.spoonacular.com/recipes/1505411-312x231.jpg,Facil,0.8,0,1,0.63,0.15384615384615385,0.05660377358490566,0.6479791395045632,0.8
sp_1098354,Rotisserie Chicken and Bean Tostadas,Spoonacular,30.0,3,10,"rotisserie chicken, corn tortillas, refried beans, tomato, jalapeño, iceberg lettuce, cotija cheese, lime, guacamole, salsa",False,False,True,https://www.foodista.com/recipe/YQF7DW47/rotisserie-chicken-and-bean-toastatas,https://img.spoonacular.com/recipes/1098354-312x231.jpg,Facil,0.6,0,1,0.51,0.15384615384615385,0.09433962264150944,0.4915254237288136,0.6
sp_643529,Fresh Mex Salsa,Spoonacular,45.0,15,14,"black beans, chili powder, cilantro, cumin powder, corn, bell pepper, jalapeno pepper, limes, olive oil, bell pepper, onion, salt, lg. tomatoes, vinegar",True,True,True,https://www.foodista.com/recipe/7P2BT76Z/fresh-mex-salsa,https://img.spoonacular.com/recipes/643529-312x231.jpg,Media,0.714,0,0,0.428,0.30769230769230776,0.1509433962264151,0.3846153846153846,0.714
sp_1454187,Instant Pot Black Bean Nachos,Spoonacular,15.0,4,12,"black beans from the pot, jalapeño, tomato, onion, garlic, cilantro, cumin, salt, pepper, cheddar cheese, lime, chips",False,True,True,https://www.pinkwhen.com/instant-pot-black-bean-nachos/,https://img.spoonacular.com/recipes/1454187-312x231.jpg,Facil,0.833,0,1,0.65,0.23076923076923078,0.03773584905660378,0.6740547588005216,0.833
sp_645812,Grilled Portabella and Poblano Tacos,Spoonacular,45.0,4,17,"canola oil, chipotle powder, cilantro, cilantro sprigs, corn tortillas, garlic, guacamole, lime juice, lime wedges, olive oil, poblano chile, portabella mushrooms, onion, roma tomatoes, salt, salt and pepper, cheddar cheese",False,True,True,https://www.foodista.com/recipe/52YSN467/grilled-portabella-and-poblano-tacos,https://img.spoonacular.com/recipes/645812-312x231.jpg,Media,0.529,0,0,0.317,0.4230769230769231,0.1509433962264151,0.23989569752281614,0.529
sp_732255,Cheesy Cowboy Quesadillas,Spoonacular,10.0,4,13,"bell pepper, butter, black beans, cheese, chili powder, corn, cream cheese, cumin, garlic, onions, salt, chicken, tortillas",False,False,True,https://www.pinkwhen.com/cheesy-cowboy-quesadillas-recipe/,https://img.spoonacular.com/recipes/732255-312x231.jpg,Media,0.692,0,1,0.565,0.2692307692307692,0.018867924528301886,0.5632333767926987,0.692
sp_1098303,Zesty Taco Casserole,Spoonacular,45.0,6,18,"corn tortillas, ground beef, salt, pepper, onion, jalapenos, taco seasoning, chili powder, onion powder, chiles, olives, favorite salsa, refried beans, cream, coarsely broken tortilla chips, sharp cheddar cheese, avocado, cherry tomatoes",False,False,True,https://www.foodista.com/recipe/ZXY3FRGR/zesty-taco-casserole,https://img.spoonacular.com/recipes/1098303-312x231.jpg,Media,0.722,0,0,0.433,0.4615384615384615,0.1509433962264151,0.3911342894393741,0.722
sp_637480,Chavrie Guacamole,Spoonacular,45.0,6,8,"avocados, cumin, goat cheese, lemon juice, lime juice, salt and pepper, tabasco, tomato",False,True,True,https://www.foodista.com/recipe/VG6H6H2P/chavrie-guacamole,https://img.spoonacular.com/recipes/637480-312x231.jpg,Media,0.625,0,0,0.375,0.07692307692307693,0.1509433962264151,0.31551499348109513,0.625
sp_648785,Katie's Unforgettable Salsa,Spoonacular,45.0,5,11,"bell pepper, onion, jalapeño, garlic, cilantro, canned tomatoes, tomato paste, salt, pepper, spice, sugar",True,True,True,https://www.foodista.com/recipe/TK6WVWYL/katies-unforgettable-salsa,https://img.spoonacular.com/recipes/648785-312x231.jpg,Media,0.727,0,0,0.436,0.19230769230769235,0.1509433962264151,0.3950456323337679,0.727
sp_1096058,Sausage and Egg Breakfast Burrito,Spoonacular,20.0,1,12,"ground sausage, onion, garlic, peppers, jalapeno, kosher salt, oregano, ground pepper, flour tortilla, egg, butter, sriracha",False,False,False,https://www.foodista.com/recipe/PL6NFVC3/sausage-and-egg-breakfast-burrito,https://img.spoonacular.com/recipes/1096058-312x231.jpg,Facil,0.417,0,1,0.4,0.23076923076923078,0.05660377358490566,0.34810951760104303,0.417
sp_1460497,Taco Casserole,Spoonacular,30.0,6,12,"ground beef, onion, bell pepper, kernal corn, tomatoes, cheese, corn tortillas torn into bite sized pices, taco seasoning, chili powder, pepper, pepper, parsley",False,False,True,https://www.pinkwhen.com/taco-casserole/,https://img.spoonacular.com/recipes/1460497-312x231.jpg,Facil,0.667,0,1,0.55,0.23076923076923078,0.09433962264150944,0.5436766623207302,0.667
sp_642390,Enchilada Chicken,Spoonacular,45.0,4,6,"black beans, mrs. dash southwest chipotle seasoning, enchilada sauce, cilantro, monterey jack cheese, chicken breasts",False,False,True,https://www.foodista.com/recipe/F6LJ8KZ6/enchilada-chicken,https://img.spoonacular.com/recipes/642390-312x231.jpg,Facil,0.833,1,0,0.75,0.0,0.1509433962264151,0.8044328552803128,0.833
sp_643347,French Inspired Poblano Crepe ‘Enchiladas’,Spoonacular,45.0,4,23,"all purpose flour, canola oil, corn kernels from corn roasted on stove top, eggs, cilantro, garlic, bell pepper, green onions, jalapeños as, juice of lime, milk, olive oil, roasted poblano, poblano chile, bell pepper, chili powder, onion, salt, salt, taco bell seasoning, water, cashews soaked in water, water",False,True,False,https://www.foodista.com/recipe/PNHN4SPB/french-inspired-poblano-crepe-enchiladas,https://img.spoonacular.com/recipes/643347-312x231.jpg,Media,0.478,0,0,0.287,0.653846153846154,0.1509433962264151,0.2007822685788787,0.478
sp_645996,Guacamole Potato Salad,Spoonacular,95.0,4,10,"chili powder, cilantro, garlic, chilies, juice of lime, nonfat greek yogurt, pepper, onion, potatoes, salt",False,True,True,https://www.foodista.com/recipe/2RJ3ZBL7/guacamole-potato-salad,https://img.spoonacular.com/recipes/645996-312x231.jpg,Media,0.8,0,0,0.48,0.15384615384615385,0.33962264150943394,0.45241199478487615,0.8
sp_664026,Turkey Enchilada Pie,Spoonacular,45.0,8,17,"turkey meat, onion, garlic cloves, enchilada sauce, black beans, cream, chiles, cilantro, chunky salsa, chili powder, ancho chile powder, ground cumin, tortilla chips, cheddar cheese, green onions, flour tortillas, chives",False,False,False,https://www.foodista.com/recipe/C8Q46YFR/cat-mos-enchilada-pie,https://img.spoonacular.com/recipes/664026-312x231.jpg,Media,0.765,0,0,0.459,0.4230769230769231,0.1509433962264151,0.4250325945241199,0.765
mdb_52826,Braised Beef Chilli,TheMealDB,45.0,4,17,"beef, onions, garlic, olive oil, chorizo, cumin, allspice, cloves, cinnamon stick, bay leaves, oregano, ancho chillies, balsamic vinegar, plum tomatoes, tomato ketchup, dark brown sugar, borlotti beans",False,False,False,http://www.telegraph.co.uk/food-and-drink/recipes/braised-beef-chilli-con-carne/,https://www.themealdb.com/images/media/meals/uuqvwu1504629254.jpg,Media,0.294,0,0,0.176,0.4230769230769231,0.1509433962264151,0.05606258148631027,0.294
mdb_52819,Cajun spiced fish tacos,TheMealDB,45.0,4,12,"cajun, cayenne pepper, white fish, vegetable oil, flour tortilla, avocado, little gem lettuce, spring onions, salsa, sour cream, lemon, garlic",False,False,False,https://realfood.tesco.com/recipes/cajun-spiced-fish-tacos.html,https://www.themealdb.com/images/media/meals/uvuyxu1503067369.jpg,Media,0.417,0,0,0.25,0.23076923076923078,0.1509433962264151,0.15254237288135591,0.417
mdb_52870,Chickpea Fajitas,TheMealDB,45.0,4,13,"chickpeas, olive oil, paprika, tomatoes, red onions, red wine vinegar, avocado, lime, lime, sour cream, harissa spice, corn tortillas, coriander",False,True,False,https://www.bbcgoodfood.com/recipes/chickpea-fajitas,https://www.themealdb.com/images/media/meals/tvtxpq1511464705.jpg,Media,0.462,0,0,0.277,0.2692307692307692,0.1509433962264151,0.18774445893089964,0.462
mdb_52830,Crock Pot Chicken Baked Tacos,TheMealDB,45.0,4,14,"chicken breasts, vinaigrette dressing, cumin, smoked paprika, garlic, refried beans, hard taco shells, shredded mexican cheese, grape tomatoes, jalapeno, avocado, green salsa, sour cream, milk",False,False,False,http://www.nobiggie.net/crock-pot-chicken-baked-tacos/,https://www.themealdb.com/images/media/meals/ypxvwv1505333929.jpg,Media,0.5,0,0,0.3,0.30769230769230776,0.1509433962264151,0.2177314211212516,0.5
mdb_53067,Stuffed Bell Peppers with Quinoa and Black Beans,TheMealDB,45.0,4,15,"green pepper, olive oil, onion, garlic, quinoa, black beans, sweetcorn, diced tomatoes, cumin, chili powder, smoked paprika, salt, pepper, shredded mexican cheese, cilantro",False,True,False,,https://www.themealdb.com/images/media/meals/b66myb1683207208.jpg,Media,0.667,0,0,0.4,0.3461538461538462,0.1509433962264151,0.34810951760104303,0.667
